[
    [
        "I want to lose weight, yet I eat chocolate daily.",
        {
            "entities": [
                [
                    15,
                    21,
                    "NOUN"
                ],
                [
                    33,
                    42,
                    "NOUN"
                ]
            ]
        }
    ],
    [
        "He eats macaroni, but he won't eat cheese.",
        {
            "entities": [
                [
                    7,
                    15,
                    "NOUN"
                ],
                [
                    33,
                    39,
                    "NOUN"
                ]
                
            ]
        }
    ],
    [
        "I hate spinach; however,I love broccoli.",
        {
            "entities": [
                [
                    6,
                    13,
                    "NOUN"
                ],
                [
                    25,
                    29,
                    "NOUN"
                ],
                [
                    30,
                    38,
                    "NOUN"                
                ]
                
            ]
        }
    ],
    [
        "I don't want to go outtonight; besides, I have homework to do.",
        {
            "entities": [
                [
                    22,
                    29,
                    "NOUN"
                ],
                [
                    47,
                    55,
                    "NOUN"
                ]
                
            ]
        }
    ],
    [
        "I want to graduate withhonors; furthermore,I want to go to law school.",
        {
            "entities": [
                [
                    10,
                    18,
                    "NOUN"
                ],
                [
                    23,
                    29,
                    "NOUN"
                ],
                [
                    59,
                    69,
                    "NOUN"
                ]
                
            ]
        }
    ],
    [
        "My brother just graduated from highschool,sohe will attend St. Petersburg College.",
        {
            "entities": [
                [
                    3,
                    10,
                    "NOUN"
                ],
                [
                    35,
                    41,
                    "NOUN"
                ],
                [
                    59,
                    81,
                    "NOUN"
                ]
                
            ]
        }
    ],
    [
        "I was tired from workinglate,but Ihad to go to class anyway.",
        {
            "entities": [
                [
                    11,
                    14,
                    "NOUN"
                ],
                [
                    42,
                    47,
                    "NOUN"
                ]
            ]
        }
    ],
    [
        "She had togo, soshe called a friend to drive her. ",
        {
            "entities": [
                [
                    29,
                    35,
                    "NOUN"
                ],
                [
                    39,
                    44,
                    "NOUN"
                ]
            
            ]
        }
    ],
    [
        "Gillian did not like to read, for she was not very good at it.",
        {
            "entities": [
                [
                    0,
                    7,
                    "NOUN"
                ]
            ]
        }
    ],
    [
        "Arleens could not play with that boy, nor could she play with that other boy.",
        {
            "entities": [
                [
                    0,
                    7,
                    "NOUN"
                ],
                [
                    33,
                    36,
                    "NOUN"
                ],
                [
                    73,
                    76,
                    "NOUN"
                ]
            ]
        }
    ],
    [
        "I dont want to practice playing the violin, yet I dont want to disobey my mother.",
        {
            "entities": [
                [
                    15,
                    23,
                    "NOUN"
                ],
                [
                    36,
                    42,
                    "NOUN"
                ],
                [
                    74,
                    80,
                    "NOUN"
                ]
            ]
        }
    ],
    [
        "Rabbits make good pets, for they dont make too much noise and they are clean.",
        {
            "entities": [
                [
                    0,
                    7,
                    "NOUN"
                ],
                [
                    18,
                    22,
                    "NOUN"
                ],
                [
                    52,
                    57,
                    "NOUN"
                ]
            ]
        }
    ],
    [
        "She saw a cat run in front of her, so she fell down while roller-skating.",
        {
            "entities": [
                [
                    10,
                    13,
                    "NOUN"
                ],
                [
                    21,
                    26,
                    "NOUN"
                ],
                [
                    58,
                    72,
                    "NOUN"
                ]
            ]
        }
    ],
    [
        "The black dog has won many prizes, but he doesnt know many tricks.",
        {
            "entities": [
                [
                    10,
                    13,
                    "NOUN"
                ],
                [
                    27,
                    33,
                    "NOUN"
                ],
                [
                    59,
                    65,
                    "NOUN"
                ]
            ]
        }
    ],
    [
        "Batman is a hero, for he is successful in catching the criminals in his city.",
        {
            "entities": [
                [
                    0,
                    6,
                    "NOUN"
                ],
                [
                    12,
                    16,
                    "NOUN"
                ],
                [
                    55,
                    64,
                    "NOUN"
                ],
                [
                    72,
                    76,
                    "NOUN"
                ]
            ]
        }
    ],
    [
        "The doctors looked at the x-rays, so they decided to operate on the patient.",
        {
            "entities": [
                [
                    4,
                    11,
                    "NOUN"
                ],
                [
                    26,
                    32,
                    "NOUN"
                ],
                [
                    68,
                    75,
                    "NOUN"
                ]
            ]
        }
    ],
    [
        "Janet doesn't like sushi, nor does she like any kind of fish.",
        {
            "entities": [
                [
                    0,
                    5,
                    "NOUN"
                ],
                [
                    19,
                    24,
                    "NOUN"
                ],
                [
                    48,
                    52,
                    "NOUN"
                ],
                [
                    56,
                    60,
                    "NOUN"
                ]
            ]
        }
    ],
    [
        "We went out on the town, and we came home late.",
        {
            "entities": [
                [
                    19,
                    23,
                    "NOUN"
                ],
                [
                    37,
                    41,
                    "NOUN"
                ]
            ]
        }
    ],
    [
        "I would like to play tennis today, or I would like to play golf.",
        {
            "entities": [
                [
                    21,
                    27,
                    "NOUN"
                ],
                [
                    28,
                    33,
                    "NOUN"
                ],
                [
                    59,
                    63,
                    "NOUN"
                ]
            ]
        }
    ],
    [
        "Tom asked his teacher for help, and he asked his parents.",
        {
            "entities": [
                [
                    0,
                    3,
                    "NOUN"
                ],
                [
                    14,
                    21,
                    "NOUN"
                ],
                [
                    49,
                    56,
                    "NOUN"
                ]
            ]
        }
    ],
    [
        "Doug didn't understand the homework assignment, so he asked the teacher for help.",
        {
            "entities": [
                [
                    0,
                    4,
                    "NOUN"
                ],
                [
                    27,
                    35,
                    "NOUN"
                ],
                [
                    36,
                    46,
                    "NOUN"
                ],
                [
                    64,
                    71,
                    "NOUN"
                ]
            ]
        }
    ],
    [
        "Alan invested a lot of money in the business, but the business went bankrupt.",
        {
            "entities": [
                [
                    0,
                    4,
                    "NOUN"
                ],
                [
                    16,
                    19,
                    "NOUN"
                ],
                [
                    23,
                    28,
                    "NOUN"
                ],
                [
                    36,
                    44,
                    "NOUN"
                ],
                [
                    54,
                    62,
                    "NOUN"
                ]
            ]
        }
    ],
    [
        "Mary thinks she should go to school, for she wants to get qualifications for a new profession.",
        {
            "entities": [
                [
                    0,
                    4,
                    "NOUN"
                ],
                [
                    29,
                    35,
                    "NOUN"
                ],
                [
                    58,
                    72,
                    "NOUN"
                ],
                [
                    83,
                    93,
                    "NOUN"
                ]
            ]
        }
    ],
    [
        "Henry studied very hard for the test, so passed with high marks.",
        {
            "entities": [
                [
                    0,
                    5,
                    "NOUN"
                ],
                [
                    32,
                    36,
                    "NOUN"
                ],
                [
                    58,
                    63,
                    "NOUN"
                ]
            ]
        }
    ],
    [
        "Jack flew to London to visit his Uncle and he also wanted to visit the National Museum.",
        {
            "entities": [
                [
                    0,
                    4,
                    "NOUN"
                ],
                [
                    13,
                    19,
                    "NOUN"
                ],
                [
                    23,
                    28,
                    "NOUN"
                ],
                [
                    33,
                    38,
                    "NOUN"
                ],
                [
                    61,
                    66,
                    "NOUN"
                ],
                [
                    71,
                    79,
                    "NOUN"
                ],
                [
                    80,
                    86,
                    "NOUN"
                ]
            ]
        }
    ],
    [
        "Peter drove to visit his friend, and they went out for dinner.",
        {
            "entities": [
                [
                    0,
                    6,
                    "NOUN"
                ],
                [
                    15,
                    21,
                    "NOUN"
                ],
                [
                    25,
                    31,
                    "NOUN"
                ],
                [
                    55,
                    61,
                    "NOUN"
                ]
            ]
        }
    ],
    [
        "Rama thinks she should stay home and relax, or she should go on vacation.",
        {
            "entities": [
                [
                    0,
                    5,
                    "NOUN"
                ],
                [
                    28,
                    33,
                    "NOUN"
                ],
                [
                    64,
                    72,
                    "NOUN"
                ]
            ]
        }
    ],
    [
        "I want to lose weight, yet I eat chocolate daily. ",
        {
            "entities": [
                [
                    15,
                    21,
                    "NOUN"
                ],
                [
                    33,
                    42,
                    "NOUN"
                ]
            ]
        }
    ],
    [
        "He eatsmacaroni, buthe won't eat cheese. ",
        {
            "entities": [
                [
                    7,
                    15,
                    "NOUN"
                ],
                [
                    33,
                    39,
                    "NOUN"
                ]
            ]
        }
    ],
    [
        "I hatespinach; however,I love broccoli. ",
        {
            "entities": [
                [
                    6,
                    13,
                    "NOUN"
                ],
                [
                    25,
                    29,
                    "NOUN"
                ]
            ]
        }
    ],
    [
        "I don't want to go outtonight; besides, I have homework to do. ",
        {
            "entities": [
                [
                    22,
                    29,
                    "NOUN"
                ],
                [
                    47,
                    55,
                    "NOUN"
                ]
            ]
        }
    ],
    [
        "I want to graduate withhonors; furthermore,I want to go to law school. ",
        {
            "entities": [
                [
                    10,
                    18,
                    "NOUN"
                ],
                [
                    23,
                    29,
                    "NOUN"
                ],
                [
                    59,
                    69,
                    "NOUN"
                ]
            ]
        }
    ],
    [
        "My brother just graduated from highschool,sohe will attend St. Petersburg College. ",
        {
            "entities": [
                [
                    3,
                    10,
                    "NOUN"
                ],
                [
                    35,
                    41,
                    "NOUN"
                ],
                [
                    59,
                    81,
                    "NOUN"
                ]
            ]
        }
    ],
    [
        "I was tired from workinglate,but Ihad to go to class anyway. ",
        {
            "entities": [
                [
                    47,
                    52,
                    "NOUN"
                ]
            ]
        }
    ],
    [
        "She owned acar, yetshe didn't know how to drive it ",
        {
            "entities": [
                [
                    11,
                    14,
                    "NOUN"
                ],
                [
                    42,
                    47,
                    "NOUN"
                ]
            ]
        }
    ],
    [
        "She had togo, soshe called a friend to drive her. ",
        {
            "entities": [
                [
                    29,
                    35,
                    "NOUN"
                ],
                [
                    39,
                    44,
                    "NOUN"
                ]
            ]
        }
    ],
    [
        "Gillian did not like to read, for she was not very good at it. ",
        {
            "entities": [
                [
                    0,
                    7,
                    "NOUN"
                ]
            ]
        }
    ],
    [
        "Arleens could not play with that boy, nor could she play with that other boy. ",
        {
            "entities": [
                [
                    0,
                    7,
                    "NOUN"
                ],
                [
                    73,
                    76,
                    "NOUN"
                ],
                [
                    33,
                    36,
                    "NOUN"
                ]
            ]
        }
    ],
    [
        "I dont want to practice playing the violin, yet I dont want to disobey my mother. ",
        {
            "entities": [
                [
                    15,
                    23,
                    "NOUN"
                ],
                [
                    36,
                    42,
                    "NOUN"
                ],
                [
                    74,
                    80,
                    "NOUN"
                ]
            ]
        }
    ],
    [
        "Rabbits make good pets, for they dont make too much noise and they are clean. ",
        {
            "entities": [
                [
                    0,
                    7,
                    "NOUN"
                ],
                [
                    18,
                    22,
                    "NOUN"
                ],
                [
                    52,
                    57,
                    "NOUN"
                ]
            ]
        }
    ],
    [
        "She saw a cat run in front of her, so she fell down while roller-skating. ",
        {
            "entities": [
                [
                    10,
                    13,
                    "NOUN"
                ],
                [
                    21,
                    26,
                    "NOUN"
                ],
                [
                    58,
                    72,
                    "NOUN"
                ]
            ]
        }
    ],
    [
        "The black dog has won many prizes, but he doesnt know many tricks. ",
        {
            "entities": [
                [
                    10,
                    13,
                    "NOUN"
                ],
                [
                    27,
                    33,
                    "NOUN"
                ],
                [
                    59,
                    65,
                    "NOUN"
                ]
            ]
        }
    ],
    [
        "Batman is a hero, for he is successful in catching the criminals in his city. ",
        {
            "entities": [
                [
                    0,
                    6,
                    "NOUN"
                ],
                [
                    12,
                    16,
                    "NOUN"
                ],
                [
                    55,
                    64,
                    "NOUN"
                ],
                [
                    72,
                    76,
                    "NOUN"
                ]
            ]
        }
    ],
    [
        "The doctors looked at the x-rays, so they decided to operate on the patient. ",
        {
            "entities": [
                [
                    4,
                    11,
                    "NOUN"
                ],
                [
                    26,
                    32,
                    "NOUN"
                ],
                [
                    68,
                    75,
                    "NOUN"
                ]
            ]
        }
    ],
    [
        "Janet doesn't like sushi, nor does she like any kind of fish. ",
        {
            "entities": [
                [
                    0,
                    5,
                    "NOUN"
                ],
                [
                    19,
                    24,
                    "NOUN"
                ],
                [
                    48,
                    52,
                    "NOUN"
                ],
                [
                    56,
                    60,
                    "NOUN"
                ]
            ]
        }
    ],
    [
        "I would like to play tennis today, or I would like to play golf. ",
        {
            "entities": [
                [
                    21,
                    27,
                    "NOUN"
                ],
                [
                    28,
                    33,
                    "NOUN"
                ],
                [
                    59,
                    63,
                    "NOUN"
                ]
            ]
        }
    ],
    [
        "Tom asked his teacher for help, and he asked his parents. ",
        {
            "entities": [
                [
                    0,
                    3,
                    "NOUN"
                ],
                [
                    14,
                    21,
                    "NOUN"
                ],
                [
                    49,
                    56,
                    "NOUN"
                ]
            ]
        }
    ],
    [
        "Doug didn't understand the homework assignment, so he asked the teacher for help. ",
        {
            "entities": [
                [
                    0,
                    4,
                    "NOUN"
                ],
                [
                    27,
                    35,
                    "NOUN"
                ],
                [
                    36,
                    46,
                    "NOUN"
                ],
                [
                    64,
                    71,
                    "NOUN"
                ]
            ]
        }
    ],
    [
        "Alan invested a lot of money in the business, but the business went bankrupt. ",
        {
            "entities": [
                [
                    0,4,"NOUN"
                ],
                [
                    16,19,"NOUN"
                ],
                [
                    23,28,"NOUN"
                ],
                [
                    36,44,"NOUN"
                ],
                [
                    54,62,"NOUN"
                ]
            ]
        }
    ],
    [
        "Mary thinks she should go to school, for she wants to get qualifications for a new profession. ",
        {
            "entities": [
                [
                    0,4,"NOUN"
                ],
                [
                    29,35,"NOUN"
                ],
                [
                    58,72,"NOUN"
                ],
                [
                    83,93,"NOUN"
                ]
            ]
        }
    ],
    [
        "Jack flew to London to visit his Uncle and he also wanted to visit the National Museum. ",
        {
            "entities": [
                [
                    0,4,"NOUN"
                ],
                [
                    13,19,"NOUN"
                ],
                [
                    23,28,"NOUN"
                ],
                [
                    33,38,"NOUN"
                ],
                [
                    61,66,"NOUN"
                ],
                [
                    71,86,"NOUN"
                ]
            ]
        }
    ],
    [
        "Peter drove to visit his friend, and they went out for dinner. ",
        {
            "entities": [
                [
                    0,5,"NOUN"
                ],
                [
                    15,20,"NOUN"
                ],
                [
                    25,31,"NOUN"
                ],
                [
                    55,61,"NOUN"
                ]
            ]
        }
    ],
    [
        "Rama thinks she should stay home and relax, or she should go on vacation. ",
        {
            "entities": [
                [
                    0,4,"NOUN"
                ],
                [
                    28,32,"NOUN"
                ],
                [
                    64,72,"NOUN"
                ]
            ]
        }
    ],
    [
        "I want to lose weight, yet I eat chocolate daily.",
        {
            "entities": [
                [
                    15,21,"NOUN"
                ],
                [
                    33,42,"NOUN"
                ]
            ]
        }
    ],
    [
        "He eatsmacaroni, buthe won't eat cheese. ",
        {
            "entities": [
                [
                    7,15,"NOUN"
                ],
                [
                    33,39,"NOUN"
                ]
            ]
        }
    ],
    [
        "I hatespinach; however,I love broccoli. ",
        {
            "entities": [
                [
                    6,13,"NOUN"
                ],
                [
                    25,29,"NOUN"
                ],
                [
                    30,38,"NOUN"
                ]
            ]
        }
    ],
    [
        "I don't want to go outtonight; besides, I have homework to do. ",
        {
            "entities": [
                [
                    22,29,"NOUN"
                ],
                [
                    47,55,"NOUN"
                ]
            ]
        }
    ],
    [
        "I want to graduate withhonors; furthermore,I want to go to law school. ",
        {
            "entities": [
                [
                    10,18,"NOUN"
                ],
                [
                    23,29,"NOUN"
                ],
                [
                    59,69,"NOUN"
                ]
            ]
        }
    ],
    [
        "My brother just graduated from highschool,sohe will attend St. Petersburg College. ",
        {
            "entities": [
                [
                    3,10,"NOUN"
                ],
                [
                    35,41,"NOUN"
                ],
                [
                    59,81,"NOUN"
                ]
            ]
        }
    ],
    [
        "I was tired from workinglate,but Ihad to go to class anyway. ",
        {
            "entities": [
                [
                    47,52,"NOUN"
                ]
            ]
        }
    ],
    [
        "She owned acar, yetshe didn't know how to drive it ",
        {
            "entities": [
                [
                    11,14,"NOUN"
                ],
                [
                    42,47,"NOUN"
                ]
            ]
        }
    ],
    [
        "She had togo, soshe called a friend to drive her. ",
        {
            "entities": [
                [
                    29,35,"NOUN"
                ],
                [
                    39,44,"NOUN"
                ]
            ]
        }
    ],
    [
        "Gillian did not like to read, for she was not very good at it. ",
        {
            "entities": [
                [
                    0,7,"NOUN"
                ]
            ]
        }
    ],
    [
        "Arleens could not play with that boy, nor could she play with that other boy. ",
        {
            "entities": [
                [
                    0,7,"NOUN"
                ],
                [
                    33,36,"NOUN"
                ],
                [
                    73,76,"NOUN"
                ]
            ]
        }
    ],
    [
        "I dont want to practice playing the violin, yet I dont want to disobey my mother. ",
        {
            "entities": [
                [
                    15,23,"NOUN"
                ],
                [
                    36,42,"NOUN"
                ],
                [
                    74,80,"NOUN"
                ]
            ]
        }
    ],
    [
        "Rabbits make good pets, for they dont make too much noise and they are clean. ",
        {
            "entities": [
                [
                    0,7,"NOUN"
                ],
                [
                    18,22,"NOUN"
                ],
                [
                    52,57,"NOUN"
                ]
            ]
        }
    ],
    [
        "She saw a cat run in front of her, so she fell down while roller-skating. ",
        {
            "entities": [
                [
                    10,13,"NOUN"
                ],
                [
                    21,26,"NOUN"
                ],
                [
                    58,72,"NOUN"
                ]
            ]
        }
    ],
    [
        "The black dog has won many prizes, but he doesnt know many tricks. ",
        {
            "entities": [
                [
                    10,13,"NOUN"
                ],
                [
                    27,33,"NOUN"
                ],
                [
                    59,65,"NOUN"
                ]
            ]
        }
    ],
    [
        "Batman is a hero, for he is successful in catching the criminals in his city. ",
        {
            "entities": [
                [
                    0,6,"NOUN"
                ],
                [
                    12,16,"NOUN"
                ],
                [
                    55,64,"NOUN"
                ],
                [
                    72,76,"NOUN"
                ]
            ]
        }
    ],
    [
        "The doctors looked at the x-rays, so they decided to operate on the patient. ",
        {
            "entities": [
                [
                    4,11,"NOUN"
                ],
                [
                    26,32,"NOUN"
                ],
                [
                    68,75,"NOUN"
                ]
            ]
        }
    ],
    [
        "Janet doesn't like sushi, nor does she like any kind of fish. ",
        {
            "entities": [
                [
                    0,5,"NOUN"
                ],
                [
                    19,24,"NOUN"
                ],
                [
                    48,52,"NOUN"
                ],
                [
                    56,60,"NOUN"
                ]
            ]
        }
    ],
    [
        "We went out on the town, and we came home late. ",
        {
            "entities": [
                [
                    19,23,"NOUN"
                ],
                [
                    37,41,"NOUN"
                ]
            ]
        }
    ],
    [
        "I would like to play tennis today, or I would like to play golf. ",
        {
            "entities": [
                [
                    21,27,"NOUN"
                ],
                [
                    28,33,"NOUN"
                ],
                [
                    59,63,"NOUN"
                ]
            ]
        }
    ],
    [
        "Tom asked his teacher for help, and he asked his parents. ",
        {
            "entities": [
                [
                    0,3,"NOUN"
                ],
                [
                    14,21,"NOUN"
                ],
                [
                    49,56,"NOUN"
                ]
            ]
        }
    ],
    [
        "Doug didn't understand the homework assignment, so he asked the teacher for help. ",
        {
            "entities": [
                [
                    0,4,"NOUN"
                ],
                [
                    27,35,"NOUN"
                ],
                [
                    36,46,"NOUN"
                ],
                [
                    64,71,"NOUN"
                ]
            ]
        }
    ],
    [
        "Alan invested a lot of money in the business, but the business went bankrupt. ",
        {
            "entities": [
                [
                    0,4,"NOUN"
                ],
                [
                    16,19,"NOUN"
                ],
                [
                    23,28,"NOUN"
                ],
                [
                    36,44,"NOUN"
                ],
                [
                    54,62,"NOUN"
                ]
            ]
        }
    ],
    [
        "Mary thinks she should go to school, for she wants to get qualifications for a new profession. ",
        {
            "entities": [
                [
                    0,4,"NOUN"
                ],
                [
                    29,35,"NOUN"
                ],
                [
                    58,72,"NOUN"
                ],
                [
                    83,93,"NOUN"
                ]
            ]
        }
    ],
    [
        "Henry studied very hard for the test, so passed with high marks. ",
        {
            "entities": [
                [
                    0,5,"NOUN"
                ],
                [
                    32,36,"NOUN"
                ],
                [
                    58,63,"NOUN"
                ]
            ]
        }
    ],
    [
        "Jack flew to London to visit his Uncle and he also wanted to visit the National Museum. ",
        {
            "entities": [
                [
                    0,4,"NOUN"
                ],
                [
                    13,19,"NOUN"
                ],
                [
                    23,28,"NOUN"
                ],
                [
                    33,38,"NOUN"
                ],
                [
                    61,66,"NOUN"
                ],
                [
                    71,79,"NOUN"
                ],
                [
                    80,86,"NOUN"
                ]
            
            ]
        }
    ],
    [
        "Peter drove to visit his friend, and they went out for dinner. ",
        {
            "entities": [
                [
                    0,6,"NOUN"
                ],
                [
                    15,21,"NOUN"
                ],
                [
                    25,31,"NOUN"
                ],
                [
                    55,61,"NOUN"
                ]
            ]
        }
    ],
    [
        "Rama thinks she should stay home and relax, or she should go on vacation. ",
        {
            "entities": [
                [
                    0,5,"NOUN"
                ],
                [
                    28,33,"NOUN"
                ],
                [
                    64,72,"NOUN"
                ]
            ]
        }
    ],
    [
        "She has great fondness for children.",
        {
            "entities": [
                [
                    14,22,"NOUN"
                ],
                [
                    27,35,"NOUN"
                ]
            ]
        }
    ],
    [
        "The child is fond of sweets. ",
        {
            "entities": [
                [
                    21,27,"NOUN"
                ]
            ]
        }
    ],
    [
        "I take exception to your remark. ",
        {
            "entities": [
                [
                    7,16,"NOUN"
                ],
                [
                    25,31,"NOUN"
                ]
            ]
        }
    ],
    [
        "The coat fits me well except for the collar. ",
        {
            "entities": [
                [
                    4,8,"NOUN"
                ],
                [
                    37,43,"NOUN"
                ]
            ]
        }
    ],
    [
        "He is to be blamed equally with his brother. ",
        {
            "entities": [
                [
                    36,43,"NOUN"
                ]
            ]
        }
    ],
    [
        "He was equal to the occasion. ",
        {
            "entities": [
                [
                    20,28,"NOUN"
                ]
            ]
        }
    ],
    [
        "He is desirous of visiting Agra. ",
        {
            "entities": [
                [
                    27,31,"NOUN"
                ]
            ]
        }
    ],
    [
        "He has no desire for fame. ",
        {
            "entities": [
                [
                    10,16,"NOUN"
                ],
                [
                    21,25,"NOUN"
                ]
            ]
        }
    ],
    [
        "He is a descendant of Mahatma Gandhi. ",
        {
            "entities": [
                [
                    8,18,"NOUN"
                ],
                [
                    22,36,"NOUN"
                ]
            ]
        }
    ],
    [
        "He is descended from a noble family. ",
        {
            "entities": [
                [
                    29,35,"NOUN"
                ]
            ]
        }
    ],
    [
        "He never said or did anything derogatory to his high position. ",
        {
            "entities": [
                [
                    21,29,"NOUN"
                ],
                [
                    53,61,"NOUN"
                ]
            ]
        }
    ],
    [
        "It is not likely to derogate from his merit. ",
        {
            "entities": [
                [
                    20,28,"NOUN"
                ],
                [
                    38,43,"NOUN"
                ]
            ]
        }
    ],
    [
        "The present speech is mild contrasted with his past utterance on the same subject. ",
        {
            "entities": [
                [
                    12,18,"NOUN"
                ],
                [
                    52,61,"NOUN"
                ]
            ]
        }
    ],
    [
        "What a contrast between them! ",
        {
            "entities": [
                [
                    7,15,"NOUN"
                ]
            ]
        }
    ],
    [
        "I cannot come with you, I have to go to work. ",
        {
            "entities": [
                [
                    40,44,"NOUN"
                ]
            ]
        }
    ],
    [
        "George is very cleverbuthe doesnt study his lessons. ",
        {
            "entities": [
                [
                    0,6,"NOUN"
                ],
                [
                    34,39,"NOUN"
                ],
                [
                    44,51,"NOUN"
                ]
            ]
        }
    ],
    [
        "Sitha didnt want to go to the dentist,yetshe went anyway. ",
        {
            "entities": [
                [
                    0,5,"NOUN"
                ],
                [
                    30,37,"NOUN"
                ]
            ]
        }
    ]
]